It's this facial recognition app that Monica put on our phones.;Це той додаток для розпізнавання облич, який Моніка встановила на наші телефони.;silicon_valley_0502.webm
I don't know, Monica. He's toying with me.;Не знаю, Моніко. Він грається зі мною.;silicon_valley_0503.webm
Had all of these disgusting affairs.;Мав усі ці огидні інтрижки.;silicon_valley_0504.webm
You know, the divorce nearly killed Dan.;Знаєш, розлучення мало не вбило Дена.;silicon_valley_0505.webm
Disgusting affairs.;Огидні інтрижки.;silicon_valley_0506.webm
All right, each team will have six minutes for presentation and demo;Гаразд, кожна команда матиме шість хвилин на презентацію та демонстрацію.;silicon_valley_0507.webm
OK, so two of those, one on each side and then one in the center;Гаразд, два таких — по одному з кожного боку, а потім один у центрі.;silicon_valley_0508.webm
so that it casts my shadow behind me;щоб він відкидав мою тінь позаду мене.;silicon_valley_0509.webm
like a giant looking over his own shoulder.;наче велетень, який дивиться через власне плече.;silicon_valley_0510.webm
Are you humming to yourself?;Ти щось собі наспівуєш?;silicon_valley_0511.webm
I may have found the perfect woman.;Можливо, я знайшов ідеальну жінку.;silicon_valley_0512.webm
Oh yeah, that means she wants you to lay her.;О так, це означає, що вона хоче, щоб ти з нею переспав.;silicon_valley_0513.webm
Is that definitive?;Це точно?;silicon_valley_0514.webm
You know I wrote that code, right?;Ти ж знаєш, що той код написав я, так?;silicon_valley_0515.webm
A banged up 15-inch MacBook Pro;Пошарпаний 15-дюймовий MacBook Pro.;silicon_valley_0516.webm
with shitty stickers on it?;з довбаними наліпками на ньому?;silicon_valley_0517.webm
Oh, shit, it's frozen. It's frozen.;От лайно, він завис. Він завис.;silicon_valley_0518.webm
So you didn't write any of that Java code?;То ти не написав нічого з того Java-коду?;silicon_valley_0519.webm
But it's not gonna change who you are.;Але це не змінить того, ким ти є.;silicon_valley_0520.webm
I owe you an apology. I was way off base.;Я винен тобі вибачення. Я дуже помилявся.;silicon_valley_0521.webm
He cleared it all up for me.;Він мені все прояснив.;silicon_valley_0522.webm
I feel like we don't appreciate you enough;Мені здається, ми недостатньо тебе цінуємо.;silicon_valley_0523.webm
Yeah, 3D video's still a little hinky.;Так, 3D-відео все ще трохи глючить.;silicon_valley_0524.webm
I've been working on it for 15 years.;Я працюю над цим уже 15 років.;silicon_valley_0525.webm
Man, they are brutal.;Чувак, вони просто жорстокі.;silicon_valley_0526.webm
Let's light this candle.;Ну що, почнімо.;silicon_valley_0527.webm
Where the hell have you been?;Де тебе, в біса, носило?;silicon_valley_0528.webm
The microwaves only penetrate the top layer of skin cells.;Мікрохвилі проникають лише у верхній шар клітин шкіри.;silicon_valley_0529.webm
Since the dawn of time;Від початку часів.;silicon_valley_0530.webm